,$p(\overline{I_{pv}})$,"('$p(I_{pv})$', 'IEEE33', 'PM')","('$p(I_{pv})$', 'IEEE69', 'Meta')","('$p(I_{pv})$', 'SA', 'PM')","('$p(I_{pv})$', 'CA141', 'Meta')"
0,0.0,0.0,0.0,0.0,0.0
1,0.0,0.0,0.0,0.0,0.0
2,0.0,0.0,0.0,0.0,0.0
3,0.0,0.0,0.0,0.0,0.0
4,0.0,0.0,0.0,0.0,0.0
5,0.0,0.0,0.0,0.0,0.0
6,0.0,0.0,0.0,0.0,0.0
7,0.6103638681461377,0.0001505722447133814,0.00406131676696829,0.0001505722447133814,0.04306413178120877
8,0.5343439704433315,0.001346091378310543,0.0013538308037243096,0.0001143190237360425,0.03217547990069303
9,0.5000000000000011,0.01447352217834444,0.007677746144656547,0.006905862062538503,0.029997125504302946
10,0.458367990650544,0.01865077106062847,0.005578186990904916,0.004386621390399973,0.005755924235928328
11,0.47974641939542484,0.00994218047213069,0.002307757995088644,0.0001488197019891002,0.06242615061578327
12,0.47059092456307416,0.008861139738434276,0.10725371920939586,0.0001165016373487759,0.0016513836262188608
13,0.44624248124035737,0.01602051837780434,0.18463712814200767,0.001088142153331313,0.015935792899230698
14,0.45455726205034896,0.0218765142231115,0.0068156386615571135,0.003339435635182453,0.008124542293859158
15,0.4720804514691284,0.03190097510018824,0.016815375543152693,0.006026409659309144,0.09135726135609305
16,0.49999999999999856,0.02797284591716018,0.1828950006027088,0.008300937343595166,0.008449687731036683
17,0.5591380414786489,0.001636367928546711,0.12098582270035407,0.0005284214275624866,0.00930272862497572
18,0.592718351129488,0.005642351113293143,0.02936350033377033,0.005642351113293143,0.7384455824738694
19,0.0,0.0,0.0,0.0,0.0
20,0.0,0.0,0.0,0.0,0.0
21,0.0,0.0,0.0,0.0,0.0
22,0.0,0.0,0.0,0.0,0.0
23,0.0,0.0,0.0,0.0,0.0
