,$p(\overline{I_{pv}})$,"('$p(I_{pv})$', 'IEEE33', 'PM')","('$p(I_{pv})$', 'IEEE69', 'PM')","('$p(I_{pv})$', 'SA', 'PM')","('$p(I_{pv})$', 'CA141', 'Meta')"
0,0.0,0.0,0.0,0.0,0.0
1,0.0,0.0,0.0,0.0,0.0
2,0.0,0.0,0.0,0.0,0.0
3,0.0,0.0,0.0,0.0,0.0
4,0.0,0.0,0.0,0.0,0.0
5,0.0,0.0,0.0,0.0,0.0
6,0.0,0.0,0.0,0.0,0.0
7,0.5969079724889204,0.0006091189037246297,0.0006252792617873191,0.0003731642122232402,0.8140607664559015
8,0.5229298694922152,0.003824863980638638,0.003788221662274438,0.002724826364034705,0.0032868513876225247
9,0.5806567608007451,0.006259107473809495,0.00625191283053419,0.0002304963144113105,4.965794684172939e-05
10,0.5639219060989359,0.01330087820059723,0.006489592847978658,4.9353706242337e-05,0.0006570554526811592
11,0.5583854503067914,0.01398101812913679,0.007539347537353804,7.606852268190818e-05,0.04712677863016855
12,0.5573156245803239,0.01484514494681215,0.0072815008265417,0.0005051253012009954,0.0021719585320248472
13,0.5566856179253968,0.01549708875432386,0.008249597811336294,6.081498782222491e-05,0.0001355490791331154
14,0.5192811513615927,0.01827246641161495,0.008294652028618232,0.0006283541770614187,0.06285636807544481
15,0.5273950483614513,0.01322765432732498,0.01200525069139247,0.0006504285990664993,0.13865158055422044
16,0.5321326317629751,0.007378941245817505,0.00262193185977655,0.001729985765610675,0.14270511485407145
17,0.5429307534855898,0.002343602087448104,0.002343602087448104,0.002343602087448104,0.09128670760232971
18,0.5743227485931688,0.0002765855082187407,0.0002765855082187407,0.0002765855082187407,0.08832161809355465
19,0.0,0.0,0.0,0.0,0.0
20,0.0,0.0,0.0,0.0,0.0
21,0.0,0.0,0.0,0.0,0.0
22,0.0,0.0,0.0,0.0,0.0
23,0.0,0.0,0.0,0.0,0.0
